Suburb,Type,SellerG,Postcode,Bedroom,Bathroom,Car,Landsize,BuildingArea,YearBuilt,Latitude,Longtitude,Price
Melbourne,u,hockingstuart,3000,4,2,1,0,213,1938,-37.8177,144.9544,1850000
Melbourne,u,Greg,3000,3,2,1,0,122,1998,-37.8095,144.9691,750000
Melbourne,u,MICM,3000,2,1,1,0,113,1999,-37.81317,144.95452,740000
Melbourne,u,MICM,3000,1,1,2,0,102,1965,-37.8132,144.9545,680000
Melbourne,u,MICM,3000,2,2,1,0,94,1965,-37.8166,144.9635,733000
Melbourne,u,hockingstuart,3000,2,2,1,0,89,1997,-37.8095,144.9691,760000
Melbourne,u,MICM,3000,2,2,1,1136,88,2009,-37.8211,144.9559,683000
Melbourne,u,Harcourts,3000,2,1,1,0,86,1976,-37.81267,144.96273,720000
Melbourne,u,Galldon,3000,2,2,1,0,85,1997,-37.8095,144.9691,780000
Melbourne,u,MICM,3000,2,1,0,89,85,2003,-37.80802,144.96168,565000
Melbourne,u,HAR,3000,2,1,1,0,84,2001,-37.808,144.9617,535000
Melbourne,u,Purplebricks,3000,2,1,1,0,80,2004,-37.8106,144.9646,665000
Melbourne,u,Dingle,3000,1,1,1,1136,69,2009,-37.8211,144.9559,360000
Melbourne,u,Greg,3000,1,1,1,0,68,2004,-37.8106,144.9646,483000
Melbourne,u,Greg,3000,1,1,1,4051,68,2005,-37.8072,144.9623,520000
Melbourne,u,Greg,3000,2,1,1,0,67,2002,-37.8188,144.9544,545000
Melbourne,u,LITTLE,3000,2,1,0,0,66,1974,-37.8138,144.9548,360000
Melbourne,u,Greg,3000,2,1,1,0,66,2005,-37.8106,144.9646,640000
Melbourne,u,Harcourts,3000,1,1,1,0,65,1920,-37.8168,144.9691,440000
Melbourne,u,Dingle,3000,1,1,0,0,64,1976,-37.8127,144.9627,386000
Melbourne,u,Castran,3000,1,1,1,0,64,1920,-37.8157,144.9727,700000
Melbourne,u,RT,3000,2,1,0,0,60,2006,-37.8084,144.9602,452000
Melbourne,u,Harcourts,3000,1,1,1,0,59,2006,-37.8157,144.9727,659000
Melbourne,u,Dingle,3000,1,1,0,0,57,1960,-37.8178,144.9607,450000
Melbourne,u,MICM,3000,2,1,1,0,55,2014,-37.8091,144.9609,450000
Melbourne,u,Greg,3000,2,1,2,0,55,1917,-37.816,144.9535,470000
Melbourne,u,Whiting,3000,1,1,0,0,52,2000,-37.8199,144.9558,275000
Melbourne,u,LITTLE,3000,1,1,1,0,51,2005,-37.8111,144.9715,432000
Melbourne,u,Galldon,3000,2,1,0,0,47,2011,-37.81301,144.96924,387000
Melbourne,u,LITTLE,3000,1,1,0,1414,47,2014,-37.8161,144.9712,375000
Melbourne,u,Biggin,3000,1,1,0,0,41,2010,-37.8122,144.9582,333000
Ashburton,h,hockingstuart,3147,9,7,4,1472,618,2009,-37.8729,145.0788,2950000
Ashburton,h,Jellis,3147,5,5,2,755,444,2015,-37.8598,145.0796,3510000
Ashburton,h,Marshall,3147,4,3,2,753,399,2015,-37.8669,145.0767,2650000
Ashburton,h,Jellis,3147,6,4,2,1075,390,2010,-37.8714,145.073,2752000
Ashburton,h,Jellis,3147,5,2,2,697,317,2013,-37.87132,145.07267,2850500
Ashburton,t,Fletchers,3147,3,3,4,310,315,2014,-37.874,145.0714,2050000
Ashburton,h,Tim,3147,4,2,2,844,278,1940,-37.8715,145.0688,1950000
Ashburton,h,Jellis,3147,4,2,3,696,274,2000,-37.8711,145.0746,1860000
Ashburton,h,Marshall,3147,5,3,4,700,266,1950,-37.8724,145.0758,1600000
Ashburton,h,Marshall,3147,4,3,2,480,244,2016,-37.8726,145.0716,2220000
Ashburton,t,hockingstuart,3147,4,3,2,510,240,2013,-37.87159,145.0795,1655000
Ashburton,h,hockingstuart,3147,4,2,2,514,240,1935,-37.8664,145.0772,1790000
Ashburton,h,Marshall,3147,4,2,2,572,233,1930,-37.86688,145.06925,2005000
Ashburton,h,Jellis,3147,3,2,3,634,230,1940,-37.86516,145.07958,2299500
Ashburton,h,Jellis,3147,3,2,2,351,228,2006,-37.8742,145.07,1662000
Ashburton,h,Jellis,3147,3,2,2,599,220,1930,-37.8673,145.0688,1670000
Ashburton,h,Jellis,3147,4,2,4,749,206,1950,-37.8669,145.077,1800000
Ashburton,h,Jellis,3147,4,3,2,391,203,2016,-37.86664,145.08597,1920000
Ashburton,h,Marshall,3147,3,2,3,1170,202,1950,-37.87253,145.0705,2550000
Ashburton,t,Jellis,3147,4,2,1,338,200,2005,-37.86058,145.08542,1650000
Ashburton,t,Noel,3147,4,2,2,321,199,2007,-37.8693,145.08,1250000
Ashburton,t,Jellis,3147,4,3,2,267,190,2012,-37.87036,145.08471,1520000
Ashburton,h,Marshall,3147,4,2,2,780,180,1938,-37.86,145.0817,1550000
Ashburton,h,Marshall,3147,3,3,2,276,178,2004,-37.8699,145.0778,1100000
Ashburton,h,Jellis,3147,3,2,3,724,168,1940,-37.8619,145.0879,1830000
Ashburton,h,Marshall,3147,3,1,1,697,164,1947,-37.8636,145.0903,1650000
Ashburton,h,Marshall,3147,3,1,2,689,159,1940,-37.87286,145.07412,1870000
Ashburton,h,Marshall,3147,4,2,2,626,156,1950,-37.87364,145.07263,2350000
Ashburton,h,Jellis,3147,3,1,3,780,152,1940,-37.8599,145.0815,1655000
Ashburton,h,Jellis,3147,3,2,2,731,149,1935,-37.8666,145.0676,1555000
Ashburton,h,Jellis,3147,3,2,2,516,145,1920,-37.8675,145.0668,1518000
Ashburton,h,Jellis,3147,3,2,3,702,145,1945,-37.8737,145.0695,1665000
Ashburton,h,Jellis,3147,3,2,2,710,139,1945,-37.8653,145.0897,1500000
Ashburton,h,Purplebricks,3147,3,1,3,637,129,1947,-37.87044,145.08609,1620000
Ashburton,h,Jellis,3147,4,2,2,604,125,1930,-37.86513,145.07919,2405000
Ashburton,h,Buxton,3147,3,1,2,583,112,1950,-37.8685,145.0786,1337000
Ashburton,h,Buxton,3147,3,1,1,605,111,1950,-37.8703,145.0774,1415000
Ashburton,t,Jellis,3147,3,2,2,153,110,1990,-37.8655,145.0808,900000
Ashburton,h,Jellis,3147,2,1,1,687,104,1940,-37.872,145.0692,1440000
Ashburton,h,hockingstuart,3147,3,1,2,806,101,1950,-37.8695,145.084,1710000
Ashburton,h,Jellis,3147,3,1,4,649,101,1950,-37.87,145.08803,1555000
Ashburton,h,Jellis,3147,3,1,3,407,93,1955,-37.8696,145.0866,1210000
Ashwood,h,Fletchers,3147,3,1,1,792,792,1950,-37.864,145.0972,1365000
Ashwood,h,Buxton,3147,5,3,2,585,317,2000,-37.8637,145.1024,1529500
Ashwood,h,Buxton,3147,4,2,1,593,255,1930,-37.8655,145.096,1500000
Ashwood,h,Jellis,3147,3,2,3,782,215,1950,-37.8621,145.1021,1631000
Ashwood,h,Jellis,3147,4,2,3,668,205,1970,-37.86096,145.10026,1540000
Ashwood,h,Fletchers,3147,2,2,2,621,203,2000,-37.8647,145.1023,1500000
Ashwood,h,Purplebricks,3147,4,3,2,372,201,2016,-37.8716,145.0999,1200000
Ashwood,h,Buxton,3147,3,2,2,839,198,1970,-37.8614,145.1098,1200000
Ashwood,h,Jellis,3147,4,3,3,726,194,1958,-37.85842,145.10288,1680000
Ashwood,h,Tim,3147,4,2,2,766,192,1950,-37.8629,145.1097,1240000
Ashwood,h,Buxton,3147,4,2,2,701,183,1950,-37.86138,145.09694,1360000
Ashwood,h,Buxton,3147,4,3,2,746,164,1960,-37.86491,145.09752,1850000
Ashwood,h,Fletchers,3147,4,2,1,803,154,1965,-37.86162,145.11042,1450000
Ashwood,h,hockingstuart,3147,3,2,4,698,154,1945,-37.86131,145.09638,1554000
Ashwood,h,Tim,3147,3,2,2,803,152,1970,-37.8621,145.1126,1100000
Ashwood,t,Jellis,3147,3,2,2,256,134,2012,-37.8655,145.1096,900500
Ashwood,h,Jellis,3147,3,1,3,621,132,1960,-37.87229,145.10489,1150000
Ashwood,h,Fletchers,3147,3,1,1,726,130,1965,-37.86173,145.11074,1420000
Ashwood,u,Jellis,3147,3,2,2,235,130,2006,-37.8625,145.1083,890000
Ashwood,t,Barry,3147,2,1,2,212,130,2012,-37.8723,145.1089,830000
Ashwood,h,Jellis,3147,3,1,1,760,120,1960,-37.858,145.1038,1305000
Ashwood,h,Purplebricks,3147,3,2,2,280,115,1990,-37.87105,145.10198,860000
Ashwood,h,Jellis,3147,3,1,2,787,115,1955,-37.86394,145.09702,1575000
Ashwood,h,Jellis,3147,2,1,2,695,114,1950,-37.8694,145.0944,1075000
Ashwood,t,hockingstuart,3147,2,1,2,367,110,1970,-37.8662,145.109,700000
Ashwood,h,Barry,3147,2,1,2,803,95,1950,-37.8683,145.1064,1495000
Ashwood,h,Fletchers,3147,3,2,4,400,94,1950,-37.8675,145.106,761000
Ashwood,u,Ray,3147,2,1,1,216,90,2003,-37.8711,145.1017,690000
Ashwood,u,hockingstuart,3147,2,1,2,192,88,2007,-37.8709,145.102,700000
Ashwood,h,Fletchers,3147,2,1,1,586,86,1950,-37.8683,145.1082,1110000
Ashwood,h,Noel,3147,3,2,1,320,85,1958,-37.87,145.1103,855000
Ashwood,u,Noel,3147,2,1,1,153,80,1970,-37.8696,145.0962,600000
Ashwood,u,Marshall,3147,2,1,1,78,59,1970,-37.8677,145.0981,822000
Ashwood,t,Buxton,3147,3,2,2,343,1,2000,-37.86324,145.10289,1060000
Armadale,h,Marshall,3143,5,3,4,1491,516,1935,-37.8602,145.013,5525000
Armadale,h,Kay,3143,4,3,3,563,333,2000,-37.8582,145.0138,4200000
Armadale,h,Kay,3143,4,4,2,847,285,1935,-37.85938,145.01087,3200000
Armadale,h,Marshall,3143,3,2,2,617,285,1998,-37.8557,145.0264,3512500
Armadale,h,Marshall,3143,4,3,2,550,283,1890,-37.8604,145.01852,4250000
Armadale,h,Marshall,3143,4,2,2,761,255,1900,-37.85249,145.02091,5100000
Armadale,h,Jellis,3143,4,1,2,709,251,1900,-37.8574,145.016,3625000
Armadale,h,Marshall,3143,4,2,2,624,222,1900,-37.8536,145.0173,2801000
Armadale,h,Marshall,3143,4,2,1,574,191,1910,-37.86325,145.02422,4060000
Armadale,h,Kay,3143,4,3,2,474,180,1915,-37.86345,145.02454,3000000
Armadale,t,Jellis,3143,3,2,2,0,165,1995,-37.8537,145.0267,1918000
Armadale,h,Jellis,3143,4,1,2,495,163,1900,-37.8613,145.0264,2200000
Armadale,h,Jellis,3143,3,2,2,296,150,1889,-37.8614,145.0274,1939000
Armadale,t,Marshall,3143,3,3,1,1889,141,1920,-37.86109,145.01994,1715000
Armadale,h,Marshall,3143,3,1,2,387,136,1915,-37.86106,145.02513,1895000
Armadale,h,Marshall,3143,3,1,0,256,130,1910,-37.85911,145.01783,2385000
Armadale,h,Marshall,3143,2,2,2,269,128,1910,-37.85425,145.01545,1726000
Armadale,h,RT,3143,3,2,2,405,121,1910,-37.8545,145.0145,1800000
Armadale,h,Jellis,3143,3,2,1,167,117,1910,-37.85469,145.01826,1800000
Armadale,h,Hodges,3143,3,1,1,217,116,1888,-37.8592,145.0182,1870000
Armadale,h,Marshall,3143,3,2,1,205,116,1910,-37.8574,145.0281,2050000
Armadale,h,Marshall,3143,3,1,2,328,108,1900,-37.8559,145.0158,1900000
Armadale,h,Jellis,3143,2,2,1,144,107,1900,-37.8564,145.0228,1435000
Armadale,h,Jellis,3143,2,1,2,212,106,1900,-37.8542,145.0149,1300000
Armadale,t,Jellis,3143,3,2,2,101,105,2000,-37.854,145.0135,1205000
Armadale,u,Marshall,3143,3,2,2,0,100,1998,-37.8552,145.016,995000
Armadale,u,Marshall,3143,3,1,1,0,98,1970,-37.8596,145.0198,620000
Armadale,h,Marshall,3143,2,1,0,249,96,1910,-37.8543,145.016,1210000
Armadale,h,RT,3143,3,2,2,263,93,1930,-37.85137,145.0158,1899000
Armadale,u,Jellis,3143,2,1,1,0,91,1940,-37.853,145.0264,869000
Armadale,u,hockingstuart,3143,2,1,1,0,88,1970,-37.8593,145.0156,598000
Armadale,h,Jellis,3143,2,1,1,181,80,1930,-37.8542,145.01506,1460000
Armadale,u,Jellis,3143,2,1,1,2471,80,1970,-37.8573,145.0186,710000
Armadale,h,Marshall,3143,3,1,2,186,80,1920,-37.8554,145.0173,1285000
Armadale,u,Jellis,3143,2,1,1,0,76,1964,-37.8543,145.0262,599000
Armadale,u,hockingstuart,3143,1,1,1,0,76,1970,-37.8618,145.0183,520000
Armadale,u,hockingstuart,3143,2,2,1,3093,75,2006,-37.86165,145.02148,821000
Armadale,u,Greg,3143,2,1,1,0,74,1969,-37.8573,145.0186,704000
Armadale,u,Woodards,3143,2,1,1,869,74,1980,-37.8603,145.0224,852000
Armadale,u,hockingstuart,3143,2,1,1,0,73,1970,-37.8574,145.0174,592500
Armadale,u,hockingstuart,3143,2,1,1,0,66.23,1960,-37.8624,145.0223,480000
Armadale,u,hockingstuart,3143,2,1,2,0,63,1960,-37.85549,145.0163,486000
Armadale,u,hockingstuart,3143,2,1,0,1097,63,1967,-37.85549,145.0163,410000
Armadale,u,Jellis,3143,1,1,1,0,53,1970,-37.8531,145.0115,440000
Armadale,u,hockingstuart,3143,1,1,1,0,53,2013,-37.8549,145.0113,567000
Armadale,u,Marshall,3143,1,1,0,0,48,1966,-37.8531,145.0115,405000
Armadale,u,hockingstuart,3143,1,1,1,0,38,1975,-37.8619,145.0185,280000
Armadale,u,Marshall,3143,3,2,1,2113,14,1970,-37.8543,145.0262,735000
Armadale,h,Marshall,3143,1.257978723,0.743794326,0.614361702,380.0398936,-3.87695922,1974.320922,-37.85608264,145.01779,-282345.7447
Carnegie,h,Marshall,3163,5,3,2,743,283,1975,-37.89949,145.06272,1630000
Carnegie,h,hockingstuart,3163,3,3,2,454,275,2000,-37.8869,145.0628,1518000
Carnegie,h,Private/Tiernan's,3163,3,2,3,932,270,1970,-37.8975,145.0478,1880000
Carnegie,u,Woodards,3163,3,2,1,283,250,2005,-37.8974,145.0622,920000
Carnegie,h,Gary,3163,3,2,2,687,237,1983,-37.8931,145.0479,1830000
Carnegie,t,hockingstuart,3163,4,3,2,326,223,2005,-37.89334,145.05463,1250000
Carnegie,t,Marshall,3163,3,2,2,325,223,2005,-37.8933,145.0546,970000
Carnegie,h,Marshall,3163,4,2,2,595,221,1915,-37.8916,145.0543,1655000
Carnegie,h,Jellis,3163,4,2,2,561,204,1925,-37.8934,145.0633,1506000
Carnegie,h,Gary,3163,3,2,1,598,201,1970,-37.9037,145.0588,1501000
Carnegie,h,Ray,3163,4,2,2,557,200,1938,-37.8955,145.0515,1450000
Carnegie,h,hockingstuart,3163,3,2,2,557,200,1930,-37.89584,145.04741,1550000
Carnegie,h,Ray,3163,4,2,2,615,193,1920,-37.8928,145.0531,1667000
Carnegie,h,Jellis,3163,3,2,3,818,193,2011,-37.89877,145.05132,1400000
Carnegie,h,Woodards,3163,3,2,2,282,182,2010,-37.8953,145.0567,1360000
Carnegie,h,Ray,3163,4,2,2,627,181,1905,-37.89184,145.06056,1966000
Carnegie,h,hockingstuart,3163,3,2,2,602,180,1970,-37.90248,145.05943,1570000
Carnegie,h,Ray,3163,4,2,1,464,175,1930,-37.89086,145.06327,1700000
Carnegie,h,Ray,3163,3,2,1,483,171,1920,-37.89204,145.06086,1840000
Carnegie,u,Woodards,3163,3,1,2,0,170,1925,-37.8977,145.0493,1170000
Carnegie,t,hockingstuart,3163,2,2,1,166,170,2009,-37.8982,145.0488,930000
Carnegie,h,Gary,3163,3,2,1,371,167,1915,-37.8871,145.052,1490000
Carnegie,h,Gary,3163,3,2,2,621,167,1940,-37.90262,145.05709,1450000
Carnegie,h,hockingstuart,3163,3,1,2,425,166,1960,-37.8876,145.0502,1295000
Carnegie,h,Ray,3163,3,2,2,603,166,1945,-37.9023,145.0568,1430000
Carnegie,h,Gary,3163,3,2,2,430,161,1938,-37.90008,145.06187,1435000
Carnegie,h,hockingstuart,3163,3,2,2,515,156,1930,-37.8924,145.0541,1200000
Carnegie,h,Ray,3163,3,2,2,338,147,2011,-37.89235,145.04954,1508000
Carnegie,t,Buxton,3163,3,1,2,277,135,1978,-37.8978,145.0624,860000
Carnegie,h,hockingstuart,3163,4,2,2,757,133,1930,-37.8925,145.0541,1550000
Carnegie,h,Eview,3163,3,1,2,184,133,1990,-37.90017,145.05812,1050000
Carnegie,u,Woodards,3163,3,2,2,750,132,1984,-37.90092,145.04924,1275000
Carnegie,u,Woodards,3163,3,2,1,300,130,1990,-37.8974,145.0539,1008000
Carnegie,h,Woodards,3163,2,2,1,817,130,1925,-37.9007,145.047,1716000
Carnegie,u,hockingstuart,3163,3,2,2,0,122,2008,-37.89622,145.06032,1042000
Carnegie,h,Ray,3163,3,1,1,604,120,1925,-37.8993,145.0528,1125000
Carnegie,t,Gary,3163,3,1,1,111,116,1998,-37.8889,145.0495,808000
Carnegie,h,hockingstuart,3163,3,1,2,299,115,1930,-37.8973,145.053,967500
Carnegie,u,Woodards,3163,3,2,1,259,115,1995,-37.89178,145.0539,1151000
Carnegie,t,Gary,3163,3,2,1,1113,113,1990,-37.8972,145.0642,860000
Carnegie,h,hockingstuart,3163,2,1,1,264,110,1930,-37.8864,145.0561,930000
Carnegie,t,Gary,3163,3,2,1,0,107,1990,-37.8972,145.0642,675000
Carnegie,t,Gary,3163,2,1,1,158,106,1994,-37.8886,145.052,855000
Carnegie,t,Gary,3163,2,2,1,133,104,2009,-37.8911,145.0539,795000
Carnegie,h,Jellis,3163,2,1,1,211,102,2002,-37.8856,145.0599,817500
Carnegie,t,Woodards,3163,2,2,1,117,101,2007,-37.88592,145.04781,850000
Carnegie,u,hockingstuart,3163,2,1,2,0,100,1973,-37.8863,145.066,772000
Carnegie,u,hockingstuart,3163,3,1,2,1103,100,1987,-37.8958,145.0603,945000
Carnegie,u,Buxton,3163,2,1,1,99,98,1965,-37.8946,145.0588,632500
Carnegie,u,Ray,3163,3,1,2,0,96,1989,-37.897,145.0623,820000
Carnegie,t,Ray,3163,2,1,1,144,96,2000,-37.892,145.0482,707000
Carnegie,h,Gary,3163,2,1,1,0,90,1968,-37.8973,145.0625,675000
Carnegie,u,hockingstuart,3163,2,2,1,0,86,1993,-37.9,145.0548,804000
Carnegie,u,Thomson,3163,2,1,2,0,86,1975,-37.88415,145.0514,796000
Carnegie,u,Thomson,3163,2,1,2,0,85,1970,-37.88368,145.0515,750000
Carnegie,u,hockingstuart,3163,3,1,1,0,84,1965,-37.8866,145.0561,577000
Carnegie,u,Property,3163,2,1,1,103,82,1970,-37.8873,145.0559,656000
Carnegie,u,hockingstuart,3163,2,1,1,174,80,1975,-37.8978,145.062,650000
Carnegie,u,Ray,3163,2,1,1,912,75,2008,-37.8936,145.056,468250
Carnegie,u,Noel,3163,2,1,1,0,73,1980,-37.8981,145.0619,635000
Carnegie,u,Woodards,3163,2,1,1,0,73,1970,-37.8897,145.0524,455000
Carnegie,u,hockingstuart,3163,2,1,1,0,72,1970,-37.9003,145.06342,580010
Carnegie,u,Matthew,3163,2,1,1,967,72,1970,-37.8843,145.0531,405000
Carnegie,u,Anderson,3163,2,1,1,0,72,1970,-37.8999,145.0575,450000
Carnegie,u,Woodards,3163,2,1,1,133,71,2011,-37.89,145.0559,588000
Carnegie,u,Gary,3163,2,1,1,0,70,1970,-37.9032,145.0555,360000
Carnegie,u,Woodards,3163,2,1,1,0,70,1973,-37.8956,145.0613,605000
Carnegie,u,Marshall,3163,2,1,1,0,69,1970,-37.8912,145.0644,510000
Carnegie,u,Ray,3163,2,1,1,2048,68,1960,-37.88642,145.05979,430000
Carnegie,u,Thomson,3163,2,1,1,0,68,1950,-37.8959,145.0639,370000
Carnegie,u,hockingstuart,3163,2,1,2,0,67,2009,-37.8893,145.0589,525000
Carnegie,u,Australian,3163,2,1,1,108,67,1970,-37.8973,145.0596,585000
Carnegie,u,hockingstuart,3163,2,1,1,0,64,1970,-37.8889,145.048,415000
Carnegie,u,Woodards,3163,2,1,1,73,61,1970,-37.897,145.0593,600000
Carnegie,u,Gary,3163,2,1,1,0,60,1980,-37.8986,145.0567,435000
Carnegie,u,Ray,3163,2,1,1,0,56,1970,-37.8881,145.0558,465000
Carnegie,u,Ray,3163,1,1,1,2048,55,1970,-37.88642,145.05979,381000
Carnegie,u,hockingstuart,3163,1,1,1,0,53,1980,-37.8894,145.0508,350000
Carnegie,u,Ray,3163,1,1,1,0,50,1960,-37.8858,145.0632,290000
Carnegie,u,Woodards,3163,1,1,1,60,48,1970,-37.8965,145.0618,346000
Carnegie,u,hockingstuart,3163,1,1,1,0,48,1960,-37.8887,145.048,365000
Carnegie,u,Woodards,3163,1,1,1,0,46,1960,-37.8858,145.0632,305000
Carnegie,u,Ray,3163,1,1,1,0,46,1960,-37.8944,145.0616,330000
Carnegie,u,Gary,3163,1,1,1,314,45,1960,-37.90321,145.0555,286000
Carnegie,h,Woodards,3163,4,2,2,751,40,1923,-37.8945,145.0648,1600000
Carnegie,u,hockingstuart,3163,1,1,1,0,34,1960,-37.8982,145.0625,250000
Carnegie,u,hockingstuart,3163,1,1,1,0,33,1970,-37.8888,145.0533,330000
Caulfield,h,Rodney,3162,4,1,2,499,155,1920,-37.8864,145.0242,131000
Caulfield,u,Gary,3162,2,1,1,0,100,1960,-37.8865,145.0302,722500
Caulfield,u,McGrath,3162,2,2,1,0,99,2010,-37.88776,145.03364,650000
Caulfield,u,Gary,3162,2,1,1,806,78,1960,-37.8852,145.024,550000
Caulfield East,h,Gary,3145,5,2,1,521,208,1915,-37.8868,145.0462,1335000
Caulfield East,h,Gary,3145,4,2,2,664,155,1900,-37.88376,145.04476,1609000
Caulfield North,h,Marshall,3161,3,2,2,692,313,1955,-37.8629,145.019,1750000
Caulfield North,h,Jellis,3161,4,2,3,361,237,2014,-37.8694,145.0296,2005000
Caulfield North,h,Gary,3161,4,2,1,810,215,1915,-37.8698,145.0325,2170000
Caulfield North,h,Marshall,3161,4,2,2,494,176,1900,-37.87206,145.03512,1925000
Caulfield North,h,Gary,3161,3,1,0,270,139,1910,-37.868,145.0269,1400000
Caulfield North,h,Marshall,3161,2,1,2,307,103,1900,-37.86906,145.01986,1417500
Caulfield North,u,Woodards,3161,2,1,1,0,93,1970,-37.86827,145.02113,665000
Caulfield North,u,Greg,3161,2,1,1,816,88,2007,-37.86068,145.01121,610000
Caulfield North,u,Gary,3161,2,2,1,0,85,2011,-37.8607,145.0116,742500
Caulfield North,u,Gary,3161,2,1,1,771,82,1960,-37.8686,145.0239,536000
Caulfield North,u,Abercromby's,3161,2,1,1,934,68,2012,-37.8607,145.0116,580000
Caulfield North,u,Gary,3161,2,1,1,0,67,2011,-37.8609,145.0126,550000
Caulfield North,u,Gary,3161,2,1,1,1092,63,2014,-37.8647,145.0232,450000
Caulfield North,u,Gary,3161,2,1,1,0,56,2012,-37.861,145.0136,420000
Caulfield North,u,hockingstuart,3161,1,1,1,0,53.3,1960,-37.8681,145.02576,350000
Caulfield North,u,hockingstuart,3161,1,1,1,60,53,1975,-37.87972,145.03351,361000
Caulfield North,u,hockingstuart,3161,1,1,1,952,43,1970,-37.8744,145.0371,290000
Caulfield North,u,Gary,3161,1,1,1,750,43,1965,-37.8678,145.0197,305000
Chadstone,h,McGrath,3148,4,2,2,500,277,2001,-37.8845,145.1027,1260000
Chadstone,t,Buxton,3148,4,3,2,273,182,2012,-37.8742,145.105,965000
Chadstone,h,hockingstuart,3148,3,2,1,1033,164,1950,-37.8738,145.1095,1415500
Chadstone,t,Buxton,3148,4,3,2,209,160,2016,-37.8805,145.105,1042500
Chadstone,t,Buxton,3148,5,2,2,276,159,2011,-37.87883,145.09741,1050000
Chadstone,h,Purplebricks,3148,4,3,2,288,158,2014,-37.8801,145.1051,890000
Chadstone,u,Jellis,3148,3,2,2,382,151,2000,-37.88304,145.0969,960000
Chadstone,t,Buxton,3148,3,2,2,277,143,2010,-37.8796,145.1044,865000
Chadstone,t,Ray,3148,3,2,1,188,137,2014,-37.8781,145.0955,881000
Chadstone,t,Buxton,3148,3,1,2,418,132,1955,-37.886,145.096,905000
Chadstone,h,Woodards,3148,4,2,1,402,131,1960,-37.88658,145.09297,995000
Chadstone,t,Ray,3148,3,2,1,0,127,2011,-37.88289,145.09871,930000
Chadstone,u,Buxton,3148,3,2,2,286,124,2008,-37.8755,145.0954,988000
Chadstone,t,hockingstuart,3148,3,2,2,213,115,2012,-37.8827,145.0942,820000
Chadstone,t,Woodards,3148,3,2,1,255,115,2000,-37.88267,145.10823,765000
Chadstone,u,Ray,3148,3,2,2,235,112,2000,-37.8856,145.0934,701000
Chadstone,t,Buxton,3148,3,2,1,177,111,2012,-37.8824,145.1042,845000
Chadstone,h,Thomson,3148,3,1,2,630,105,1960,-37.8838,145.102,1000000
Chadstone,h,hockingstuart,3148,3,2,2,160,101,2000,-37.8859,145.0934,650000
Chadstone,h,McGrath,3148,4,1,1,737,101,1960,-37.8744,145.0995,1150000
Chadstone,h,Ray,3148,2,1,1,585,97,1950,-37.8792,145.0948,1002000
Chadstone,u,Bekdon,3148,2,2,1,224,94,2006,-37.8738,145.1054,700000
Chadstone,h,Buxton,3148,2,1,1,218,94,1980,-37.88093,145.10574,674000
Chadstone,h,Buxton,3148,3,1,2,620,88,1970,-37.8812,145.105,1301000
Chadstone,h,Buxton,3148,3,1,1,332,86,1950,-37.8794,145.10616,882000
Chadstone,h,McGrath,3148,3,1,2,690,85,1960,-37.87456,145.1027,1300000
Chadstone,h,Woodards,3148,2,1,2,897,66,1970,-37.88321,145.09594,510000
Clayton,h,Nelson,3168,3,1,1,270,218,1970,-37.92624,145.1321,729500
Clayton,h,Darras,3168,3,2,1,740,186,1950,-37.9112,145.12778,1870000
Clayton,h,Ray,3168,3,2,2,257,146,2000,-37.91737,145.11569,800000
Clayton,h,C21,3168,3,1,1,816,130,1965,-37.92027,145.12937,1462000
Clayton,h,Buxton,3168,4,2,2,735,130,1970,-37.92374,145.13222,1040000
Clayton,h,Buxton,3168,3,1,2,725,119,1970,-37.91865,145.14341,1300000
Clayton,h,Woodards,3168,3,1,1,852,117,1950,-37.91883,145.11209,1004000
Clayton,u,Buxton,3168,3,2,1,318,103,2000,-37.91712,145.13625,780000
Clayton,u,Buxton,3168,3,1,2,340,100,1955,-37.92559,145.10804,810000
Clayton,h,Ray,3168,4,1,1,711,96,1960,-37.9255,145.11331,1250000
Glen Huntly,h,Gary,3163,5,3,2,688,347,1910,-37.8921,145.0381,2575000
Glen Huntly,h,hockingstuart,3163,4,2,2,617,207,1950,-37.89042,145.04058,1900000
Glen Huntly,h,Woodards,3163,3,2,1,295,176,1930,-37.8904,145.0387,1330000
Glen Huntly,h,Gary,3163,3,1,2,553,137,1930,-37.8878,145.0456,1160000
Glen Huntly,u,Gary,3163,2,1,1,1784,110,1970,-37.8966,145.0453,640000
Glen Huntly,t,Buxton,3163,2,1,1,0,78,1970,-37.8866,145.0396,710000
Glen Huntly,u,Woodards,3163,2,1,1,0,77,2010,-37.88937,145.04038,450000
Glen Huntly,t,Gary,3163,2,1,1,0,68,1970,-37.8866,145.0396,636500
Glen Huntly,u,Woodards,3163,1,1,1,1162,44,1965,-37.8911,145.0451,260000
Glen Iris,h,Jellis,3146,5,3,2,709,672,1930,-37.8529,145.0806,2400000
Glen Iris,h,Buxton,3146,3,1,2,615,607,1940,-37.8578,145.0919,1420000
Glen Iris,h,Marshall,3146,5,4,2,830,520,2009,-37.8563,145.072,3860000
Glen Iris,h,Marshall,3146,5,3,2,720,392,1950,-37.85875,145.07978,3400000
Glen Iris,h,Marshall,3146,5,2,2,654,354,2015,-37.8515,145.0922,2410000
Glen Iris,h,Abercromby's,3146,4,3,2,919,353,1925,-37.8637,145.0438,3730000
Glen Iris,h,Marshall,3146,4,2,2,630,351,2009,-37.8667,145.0752,2020000
Glen Iris,h,Marshall,3146,5,3,2,642,336,1930,-37.859,145.0656,2352500
Glen Iris,h,Fletchers,3146,5,3,4,619,327,2003,-37.8554,145.0611,2175000
Glen Iris,h,Marshall,3146,5,3,3,778,326,2000,-37.8582,145.0715,3085000
Glen Iris,h,Marshall,3146,4,3,2,840,326,1930,-37.8538,145.0641,2625000
Glen Iris,h,Jellis,3146,4,4,2,708,323,1985,-37.8646,145.0673,1900000
Glen Iris,h,Marshall,3146,4,3,2,638,314,1930,-37.8523,145.0726,2325000
Glen Iris,h,Marshall,3146,4,2,3,630,314,2000,-37.856,145.0691,2538000
Glen Iris,h,Jellis,3146,4,3,2,1184,305,1935,-37.8526,145.0848,2850000
Glen Iris,h,Kay,3146,4,2,2,1485,295,1966,-37.8509,145.0856,2950000
Glen Iris,h,Jellis,3146,5,2,2,718,280,1990,-37.8522,145.0864,2625000
Glen Iris,h,Marshall,3146,4,2,2,725,276,1950,-37.85647,145.04354,3120000
Glen Iris,h,Kay,3146,4,2,2,706,275,1900,-37.8591,145.0755,2640000
Glen Iris,h,RT,3146,5,2,2,1339,270,1925,-37.8649,145.0547,3365000
Glen Iris,h,Fletchers,3146,4,3,1,650,266,1946,-37.8581,145.078,1700000
Glen Iris,h,Kay,3146,4,3,2,856,265,1920,-37.8628,145.0436,3400000
Glen Iris,h,Marshall,3146,3,3,2,662,265,1988,-37.8605,145.0455,3310000
Glen Iris,h,Marshall,3146,4,3,2,409,255,2016,-37.852,145.07321,2165000
Glen Iris,h,Jellis,3146,4,3,4,1258,254,1941,-37.8552,145.082,2300000
Glen Iris,h,Marshall,3146,5,3,1,696,248,1920,-37.8563,145.0709,2000000
Glen Iris,h,Marshall,3146,4,3,2,603,246,2007,-37.8521,145.0657,2725000
Glen Iris,h,Jellis,3146,4,2,2,652,230,1925,-37.8479,145.0557,2376000
Glen Iris,h,Marshall,3146,4,2,2,868,217,1930,-37.8522,145.0893,1800000
Glen Iris,h,Jellis,3146,4,2,4,885,217,1910,-37.8577,145.0421,2825000
Glen Iris,h,Marshall,3146,4,2,2,645,216,1930,-37.8516,145.061,2100000
Glen Iris,h,Jellis,3146,4,2,2,672,216,1928,-37.85223,145.09132,2320000
Glen Iris,h,Marshall,3146,4,2,2,659,212,1930,-37.8509,145.0916,2010000
Glen Iris,h,Jellis,3146,5,4,4,802,206,2013,-37.8627,145.0719,2825000
Glen Iris,h,Kay,3146,4,2,3,548,205,1930,-37.8536,145.0547,1857000
Glen Iris,h,Jellis,3146,3,2,2,648,193,1975,-37.8547,145.0771,1931000
Glen Iris,h,Jellis,3146,3,2,2,625,188,1951,-37.8602,145.0925,1700000
Glen Iris,h,Jellis,3146,3,2,2,269,184,1997,-37.854,145.0542,1452000
Glen Iris,h,Noel,3146,2,2,2,718,184,1950,-37.858,145.0696,1600000
Glen Iris,h,J,3146,4,2,1,739,183,2002,-37.8513,145.0601,1998000
Glen Iris,h,Marshall,3146,3,2,2,328,176,1990,-37.8529,145.0605,1375000
Glen Iris,h,hockingstuart,3146,3,2,3,680,170,1935,-37.854,145.0832,1735000
Glen Iris,h,Marshall,3146,3,2,2,400,170,1900,-37.85223,145.08676,1300000
Glen Iris,h,J,3146,3,1,2,554,169,1925,-37.84949,145.07726,1890000
Glen Iris,h,Marshall,3146,3,2,2,217,163,2006,-37.8639,145.0641,1425000
Glen Iris,h,Jellis,3146,4,3,3,622,160,1940,-37.858,145.0859,1760000
Glen Iris,t,hockingstuart,3146,3,2,2,313,160,1995,-37.85385,145.06473,1501000
Glen Iris,h,Marshall,3146,3,2,2,705,158,1935,-37.86578,145.06886,2200000
Glen Iris,h,Jellis,3146,4,2,2,745,157,1920,-37.8501,145.059,2115000
Glen Iris,h,Marshall,3146,4,2,2,775,155,1960,-37.8561,145.0934,1950000
Glen Iris,h,Greg,3146,3,1,2,762,153,1930,-37.8575,145.0554,2800000
Glen Iris,h,Jellis,3146,3,2,1,303,150,1940,-37.85678,145.05555,1390000
Glen Iris,h,RT,3146,4,2,3,553,143,1910,-37.8589,145.0413,2077000
Glen Iris,h,Jellis,3146,3,2,3,604,143,1948,-37.86019,145.08823,1633000
Glen Iris,h,hockingstuart,3146,3,1,2,685,143,1941,-37.8538,145.0842,1665000
Glen Iris,h,Jellis,3146,3,1,2,504,142,1920,-37.8541,145.0544,1456000
Glen Iris,h,Marshall,3146,3,1,2,700,142,1930,-37.8553,145.0711,2200000
Glen Iris,h,Jellis,3146,3,1,3,609,140,1930,-37.8542,145.0733,1751000
Glen Iris,h,Jellis,3146,3,1,3,732,138,1950,-37.8562,145.0864,1800000
Glen Iris,h,Jellis,3146,3,1,3,650,136,1930,-37.8571,145.0766,1820000
Glen Iris,h,Jellis,3146,3,2,4,1021,135,1970,-37.8528,145.0487,1845000
Glen Iris,h,Fletchers,3146,3,2,1,704,134,1940,-37.852,145.0942,1360000
Glen Iris,h,Fletchers,3146,3,2,1,704,134,1940,-37.852,145.0942,1600000
Glen Iris,t,Abercromby's,3146,3,2,2,0,131,1995,-37.8574,145.0494,1253000
Glen Iris,h,Kay,3146,3,1,2,403,124,1960,-37.85574,145.09051,1300000
Glen Iris,h,Noel,3146,2,1,1,412,123,1950,-37.8541,145.051,1280000
Glen Iris,h,Jellis,3146,3,1,1,753,118,1940,-37.8543,145.0889,1530000
Glen Iris,h,Fletchers,3146,2,1,2,334,115,1930,-37.8577,145.0576,920000
Glen Iris,h,Jellis,3146,3,1,1,316,111,1940,-37.84782,145.05004,1307500
Glen Iris,h,RT,3146,3,1,3,401,107,1935,-37.8471,145.051,1500000
Glen Iris,h,Marshall,3146,2,1,2,438,107,1910,-37.8511,145.0428,1250000
Glen Iris,h,Marshall,3146,3,1,2,453,102,1930,-37.8487,145.0592,1601000
Glen Iris,h,Marshall,3146,3,2,2,374,101,1940,-37.84967,145.08388,1285000
Glen Iris,u,Fletchers,3146,2,1,1,157,97,1970,-37.8499,145.0814,910000
Glen Iris,u,Jellis,3146,2,1,1,730,93,1875,-37.85563,145.04369,762000
Glen Iris,u,Marshall,3146,2,1,1,100,87,1960,-37.85258,145.08589,851000
Glen Iris,u,Noel,3146,2,1,1,0,85,1960,-37.8555,145.0889,671000
Glen Iris,t,Jellis,3146,2,1,1,84,84,1960,-37.8517,145.0796,585000
Glen Iris,u,hockingstuart,3146,2,1,1,0,80,1960,-37.8555,145.0518,600000
Glen Iris,u,Jellis,3146,2,1,1,2015,77,1960,-37.85019,145.0465,501000
Glen Iris,u,Woodards,3146,2,1,1,0,77,1960,-37.85145,145.09107,540000
Glen Iris,u,Thomson,3146,2,1,1,0,76,1965,-37.85399,145.04699,500000
Glen Iris,u,Jellis,3146,2,1,2,0,74,1940,-37.8468,145.0515,720000
Glen Iris,u,Marshall,3146,2,1,1,1101,73,1970,-37.85724,145.04681,519500
Glen Iris,u,Noel,3146,2,1,1,0,65,1970,-37.85,145.0461,411000
Glen Iris,u,Jellis,3146,2,1,1,0,63,1968,-37.8567,145.0435,550000
Glen Iris,u,hockingstuart,3146,2,1,1,200,62,1970,-37.85743,145.0468,580000
Glen Iris,u,RT,3146,1,1,1,63,52,1980,-37.8552,145.05,452000
Glen Iris,u,Jellis,3146,1,1,0,0,49,1960,-37.85852,145.04547,320000
Glen Iris,u,Thomson,3146,1,1,1,0,44,1960,-37.85702,145.04801,330000
Glen Iris,t,Jellis,3146,1,1,1,745,44,1970,-37.8505,145.0459,345000
Glen Iris,u,hockingstuart,3146,1,1,1,1097,38,1982,-37.8576,145.0452,291000
Glen Iris,u,Woodards,3146,1,1,1,0,38,1950,-37.8574,145.04795,260000
Glen Iris,u,hockingstuart,3146,2,1,1,1069,33,1960,-37.8547,145.0457,382000
Glen Iris,h,Marshall,3146,4,3,4,0,30,1930,-37.8541,145.0643,2975000
Glen Iris,h,RT,3146,3,3,2,366,26,1999,-37.8503,145.0586,1825000
Glen Iris,t,Jellis,3146,2,1,1,197,1,1970,-37.85448,145.0485,955000
Glen Waverley,h,Ray,3150,5,4,2,788,418,2015,-37.8693,145.17012,2670000
Glen Waverley,h,Jellis,3150,5,4,2,480,334,1999,-37.8785,145.1529,1950000
Glen Waverley,h,VICProp,3150,4,2,2,1590,292,1992,-37.86957,145.17544,3056000
Glen Waverley,h,Ray,3150,5,3,2,745,288,2004,-37.8689,145.1546,2202000
Glen Waverley,h,Harcourts,3150,5,3,2,677,284,1975,-37.88385,145.15088,1758000
Glen Waverley,h,Noel,3150,5,2,2,790,238,1980,-37.8842,145.1732,1863000
Glen Waverley,h,Barry,3150,5,2,2,718,237,1980,-37.8888,145.18692,1480000
Glen Waverley,h,Fletchers,3150,4,2,2,657,208,1970,-37.8697,145.18103,1280000
Glen Waverley,h,Harcourts,3150,5,2,2,362,195,1990,-37.89877,145.15125,1000000
Glen Waverley,h,Jellis,3150,4,2,2,646,187,1970,-37.87327,145.18531,1250000
Glen Waverley,h,Harcourts,3150,5,2,2,701,182.85,1960,-37.88902,145.16678,1116500
Glen Waverley,h,Harcourts,3150,3,2,2,648,181,1980,-37.88255,145.14727,1550000
Glen Waverley,h,Barry,3150,4,2,2,768,169,1970,-37.89965,145.17135,1292000
Glen Waverley,h,Harcourts,3150,4,2,2,742,164,1970,-37.87738,145.18083,1790000
Glen Waverley,h,hockingstuart,3150,3,2,2,714,164,1973,-37.88809,145.19011,1275000
Glen Waverley,h,Ray,3150,4,2,2,671,164,1975,-37.88618,145.14701,1459000
Glen Waverley,h,Ray,3150,4,2,0,712,163,1960,-37.8939,145.14707,1300000
Glen Waverley,h,Harcourts,3150,4,1,2,655,161,1970,-37.87173,145.15267,1750000
Glen Waverley,h,Barry,3150,4,1,1,708,160,1955,-37.88638,145.16745,1500000
Glen Waverley,h,Barry,3150,4,2,2,663,158,1970,-37.87215,145.17259,1439000
Glen Waverley,h,Ray,3150,5,2,3,650,152,1975,-37.90383,145.17166,1182000
Glen Waverley,u,McGrath,3150,3,2,2,328,152,1980,-37.86931,145.15081,1135000
Glen Waverley,h,Barry,3150,5,3,2,895,145,1978,-37.89524,145.1587,815000
Glen Waverley,h,Harcourts,3150,3,2,2,651,138,1965,-37.8963,145.1559,1100000
Glen Waverley,t,Harcourts,3150,3,2,2,0,133,2002,-37.89873,145.15072,655000
Glen Waverley,h,JRW,3150,3,1,1,651,133,1960,-37.86361,145.15233,1330000
Glen Waverley,h,Ray,3150,5,2,1,651,124,1970,-37.8656,145.15034,1285000
Glen Waverley,u,McGrath,3150,3,2,2,365,124,1996,-37.88599,145.17031,1000000
Glen Waverley,h,Harcourts,3150,3,1,2,646,123,1988,-37.8956,145.15502,1075000
Glen Waverley,u,Harcourts,3150,2,1,1,345,120,2012,-37.89919,145.14856,656000
Glen Waverley,h,Harcourts,3150,3,1,2,714,119,1960,-37.86993,145.16531,1700000
Glen Waverley,h,Jellis,3150,6,3,2,662,119,1960,-37.87853,145.15542,2650000
Glen Waverley,h,Harcourts,3150,3,2,1,839,116,1970,-37.89813,145.14652,1070000
Glen Waverley,h,LLC,3150,3,1,1,729,108,1960,-37.8756,145.1599,2380000
Glen Waverley,u,Ray,3150,2,1,1,258,106,1980,-37.88245,145.15982,1100000
Glen Waverley,h,Ray,3150,3,1,5,740,106,1960,-37.89698,145.14398,1100000
Glen Waverley,h,Harcourts,3150,3,1,1,782,102,1960,-37.86941,145.17108,1310000
Glen Waverley,u,Ray,3150,2,1,1,229,101,1990,-37.87606,145.15951,960000
Glen Waverley,h,Harcourts,3150,4,2,2,726,101,1961,-37.89814,145.14457,1100000
Glen Waverley,h,Harcourts,3150,3,2,1,853,28,1972,-37.88984,145.18016,1311000
Huntingdale,h,Ray,3166,4,1,2,603,151,1960,-37.90822,145.11146,1145000
Huntingdale,h,Ray,3166,3,2,2,321,87,2005,-37.90415,145.10504,750000
Malvern,h,RT,3144,5,4,4,900,435,1930,-37.84802,145.03341,6300000
Malvern,h,Kay,3144,4,3,2,587,392,2016,-37.8613,145.0393,3800000
Malvern,h,Jellis,3144,4,3,4,807,339,1920,-37.8684,145.035,3400000
Malvern,h,Marshall,3144,5,3,3,580,320,1890,-37.8653,145.0304,4240000
Malvern,h,Jellis,3144,4,2,2,502,309,2016,-37.8515,145.0324,3460000
Malvern,h,Hodges,3144,4,3,2,787,282,1915,-37.86044,145.0335,4050000
Malvern,h,Jellis,3144,4,2,4,614,281,1999,-37.85736,145.03923,2360000
Malvern,h,Marshall,3144,4,2,2,786,276,1915,-37.86202,145.03635,3800000
Malvern,t,Marshall,3144,4,2,3,357,270,2015,-37.84684,145.03893,2750000
Malvern,h,Marshall,3144,4,3,2,585,248,1915,-37.868,145.038,3470000
Malvern,h,Jellis,3144,4,2,2,682,244,1915,-37.8707,145.0357,2610000
Malvern,h,Marshall,3144,3,2,4,471,235,1985,-37.851,145.0316,2355000
Malvern,h,Marshall,3144,5,3,2,501,233,2006,-37.8631,145.0353,2325000
Malvern,h,Marshall,3144,3,2,2,400,216,2007,-37.85183,145.03863,2020000
Malvern,h,Marshall,3144,4,2,2,586,195,1890,-37.866,145.039,2400000
Malvern,h,Jellis,3144,4,3,1,557,192,1900,-37.86411,145.032,3100000
Malvern,h,Marshall,3144,3,2,2,192,191,2010,-37.8654,145.0297,2250000
Malvern,h,Jellis,3144,4,2,1,300,185,1890,-37.8638,145.0298,1965000
Malvern,t,Marshall,3144,3,2,1,227,181,1995,-37.8577,145.0406,1390000
Malvern,h,Jellis,3144,2,2,1,231,180,1890,-37.8607,145.0373,2050000
Malvern,h,Marshall,3144,4,4,2,716,159,1925,-37.8469,145.0377,4525000
Malvern,h,Marshall,3144,3,1,0,228,156,1900,-37.86115,145.03217,1510000
Malvern,h,Jellis,3144,3,2,0,312,141,1920,-37.86162,145.03065,1700000
Malvern,h,hockingstuart,3144,2,1,1,313,132,1910,-37.8511,145.0317,1437000
Malvern,h,Jellis,3144,3,1,3,696,128,1910,-37.8462,145.0386,2415000
Malvern,h,Marshall,3144,3,1,2,354,117,1880,-37.85189,145.03335,1650000
Malvern,h,Marshall,3144,3,2,1,246,106,1910,-37.871,145.0364,1970000
Malvern,h,Jellis,3144,3,2,2,396,105,1910,-37.8562,145.0373,2025000
Malvern,h,J,3144,2,1,0,254,100,1900,-37.8674,145.0355,1326000
Malvern,h,Marshall,3144,2,1,1,232,95,2001,-37.8686,145.038,1475000
Malvern,u,Marshall,3144,2,1,1,0,91,1967,-37.8597,145.0322,740000
Malvern,u,hockingstuart,3144,2,1,1,0,80,1970,-37.8633,145.0338,566000
Malvern,u,Gary,3144,2,1,1,0,74,1971,-37.854,145.041,584000
Malvern,u,Gary,3144,2,1,1,0,72.9,1977,-37.86824,145.03504,592000
Malvern,u,Marshall,3144,2,1,1,0,68,2008,-37.8515,145.0372,611000
Malvern,t,Thomson,3144,2,1,1,0,54,1970,-37.8693,145.0348,500000
Malvern,u,hockingstuart,3144,1,1,1,0,46,1960,-37.8691,145.0345,365000
Malvern East,h,Marshall,3145,4,3,2,552,355,2015,-37.87421,145.04958,3600000
Malvern East,h,Marshall,3145,5,3,2,1384,340,1982,-37.87181,145.05288,6125000
Malvern East,t,Abercromby's,3145,4,3,2,427,337,2012,-37.8704,145.0503,2560000
Malvern East,h,Marshall,3145,4,3,4,778,331,1889,-37.88049,145.0509,3680000
Malvern East,h,Jellis,3145,5,2,2,567,327,1915,-37.8786,145.0495,2350000
Malvern East,h,Marshall,3145,4,3,4,960,325,1910,-37.87605,145.05563,2520000
Malvern East,h,Abercromby's,3145,4,3,3,569,306,2008,-37.87709,145.056,2100000
Malvern East,h,Jellis,3145,4,2,3,836,303,1910,-37.8732,145.0496,3350000
Malvern East,h,Marshall,3145,5,2,4,837,267,1919,-37.8756,145.0561,4802500
Malvern East,h,Jellis,3145,4,2,1,504,260,1920,-37.8834,145.0635,1580000
Malvern East,h,Jellis,3145,4,2,3,659,255,1920,-37.88247,145.06167,2325000
Malvern East,h,Marshall,3145,3,3,1,376,254,1930,-37.8727,145.0458,2273000
Malvern East,h,Jellis,3145,4,3,2,412,254,1930,-37.8707,145.0482,2123000
Malvern East,h,Marshall,3145,4,2,2,526,243,1910,-37.8771,145.0505,2001000
Malvern East,h,Marshall,3145,4,3,2,569,240,1920,-37.88247,145.06621,2090000
Malvern East,h,Marshall,3145,4,3,2,656,230,1960,-37.88127,145.0637,2200000
Malvern East,h,Marshall,3145,4,2,2,651,230,1920,-37.87534,145.05488,2425000
Malvern East,h,Marshall,3145,3,2,2,735,224,1920,-37.86652,145.0569,2200000
Malvern East,h,Marshall,3145,4,2,3,0,223,1915,-37.8755,145.0523,2355000
Malvern East,h,Jellis,3145,4,3,2,567,215,1920,-37.8742,145.0614,2200000
Malvern East,h,Marshall,3145,4,2,2,709,214,1910,-37.8693,145.0423,3200000
Malvern East,t,Jellis,3145,4,3,2,328,213,2015,-37.87426,145.0891,1400000
Malvern East,h,Jellis,3145,3,3,3,1011,206,1925,-37.8652,145.05248,2500000
Malvern East,h,hockingstuart,3145,3,2,2,234,201,1998,-37.8695,145.05,1680000
Malvern East,h,RT,3145,5,2,3,650,199,1925,-37.88144,145.06105,2260000
Malvern East,h,Marshall,3145,4,2,1,769,196,1920,-37.8799,145.0552,1837000
Malvern East,h,Marshall,3145,3,2,2,711,196,1915,-37.8723,145.0387,2020000
Malvern East,h,Marshall,3145,3,1,1,336,185,1930,-37.8764,145.05031,1620000
Malvern East,h,Marshall,3145,3,2,2,797,180,1950,-37.8783,145.0869,1185000
Malvern East,t,Jellis,3145,4,2,2,310,180,1990,-37.8822,145.0837,1240000
Malvern East,h,hockingstuart,3145,4,2,2,230,178,2007,-37.8806,145.0831,1380000
Malvern East,h,Marshall,3145,3,2,2,660,172,1940,-37.87939,145.0656,2030000
Malvern East,h,Fletchers,3145,3,1,2,840,170,1950,-37.883,145.0791,2250000
Malvern East,h,Marshall,3145,3,1,2,888,165,1886,-37.8799,145.0738,1500000
Malvern East,h,Jellis,3145,4,3,2,380,160,2008,-37.8792,145.0869,1715157
Malvern East,h,Marshall,3145,3,2,1,375,155,1920,-37.8777,145.0608,1670000
Malvern East,h,Jellis,3145,3,2,1,400,152,1930,-37.8718,145.0404,1870000
Malvern East,t,Jellis,3145,3,2,2,181,151,1990,-37.8823,145.0839,1120000
Malvern East,h,Fletchers,3145,3,2,2,691,150,1950,-37.8734,145.0887,1555000
Malvern East,h,Marshall,3145,3,1,1,333,147,1948,-37.8722,145.067,1297000
Malvern East,h,Marshall,3145,3,2,1,337,146,1993,-37.8833,145.0697,1210000
Malvern East,h,Marshall,3145,3,2,2,580,146,1930,-37.8683,145.03909,1780000
Malvern East,h,Marshall,3145,3,2,2,433,145,1910,-37.87252,145.051,1960000
Malvern East,t,Jellis,3145,2,1,1,71,141,2008,-37.87405,145.05067,700000
Malvern East,t,Jellis,3145,3,2,2,0,138,2000,-37.8782,145.0649,922000
Malvern East,h,Marshall,3145,3,1,1,322,137,1910,-37.8726,145.0396,1490000
Malvern East,t,Jellis,3145,3,2,1,216,135,1994,-37.866,145.0549,1253000
Malvern East,t,Marshall,3145,3,2,2,0,134,2013,-37.8689,145.06,1015000
Malvern East,h,Jellis,3145,3,1,2,446,134,1980,-37.8784,145.0654,1220000
Malvern East,h,Noel,3145,3,1,3,555,133,1960,-37.87874,145.08838,1250000
Malvern East,h,Stockdale,3145,3,2,2,606,133,1965,-37.8831,145.0879,1335000
Malvern East,h,Jellis,3145,3,1,1,288,132,1999,-37.8752,145.0817,950000
Malvern East,t,Jellis,3145,3,3,2,0,130,1988,-37.8812,145.057,1135000
Malvern East,h,hockingstuart,3145,3,1,2,697,126,1920,-37.88066,145.05466,2180000
Malvern East,h,C21,3145,3,2,2,700,126,1920,-37.8807,145.0547,1915000
Malvern East,h,Thomson,3145,3,1,2,645,126,1960,-37.875,145.0861,1100000
Malvern East,h,Ray,3145,3,1,2,615,126,1950,-37.8846,145.0861,1782500
Malvern East,h,Jellis,3145,3,2,1,460,123,1910,-37.87241,145.05103,1800000
Malvern East,t,Jellis,3145,2,2,1,0,120,2015,-37.8828,145.0528,650000
Malvern East,h,Jellis,3145,2,1,2,604,119,1960,-37.8835,145.0886,1150000
Malvern East,u,Jellis,3145,2,1,1,0,118,1930,-37.865,145.0506,835000
Malvern East,u,Thomson,3145,1,1,1,0,117,1975,-37.8769,145.0471,350000
Malvern East,h,Johnston,3145,3,2,1,310,114,1970,-37.8733,145.0883,960000
Malvern East,h,RT,3145,3,1,2,764,114,1925,-37.8814,145.0583,1650000
Malvern East,h,Marshall,3145,2,1,1,293,112,1890,-37.86455,145.04132,1455000
Malvern East,h,RT,3145,3,1,2,1128,110,1950,-37.87923,145.08955,2500000
Malvern East,h,Fletchers,3145,4,3,2,365,110,1930,-37.8818,145.0548,1700000
Malvern East,t,Jellis,3145,3,1,1,206,110,1980,-37.87107,145.04991,1060000
Malvern East,u,Noel,3145,2,1,2,196,109,1970,-37.8796,145.0876,790000
Malvern East,u,Besser,3145,2,2,1,0,104,2013,-37.8823,145.0729,820000
Malvern East,h,Biggin,3145,2,1,1,310,102,1910,-37.8717,145.0399,1036000
Malvern East,u,Ray,3145,2,1,1,259,99,1970,-37.8718,145.0526,1211000
Malvern East,u,Jellis,3145,2,1,1,129,97,1940,-37.87798,145.06731,651000
Malvern East,h,Jellis,3145,2,1,2,209,93,1960,-37.87291,145.0451,1040000
Malvern East,h,Jellis,3145,4,3,2,222,90,2010,-37.878,145.0666,1350000
Malvern East,u,hockingstuart,3145,2,1,1,170,83,1975,-37.8689,145.0504,707500
Malvern East,u,hockingstuart,3145,2,1,1,0,74,1970,-37.8811,145.0524,480000
Malvern East,u,Castran,3145,2,1,1,0,62,1960,-37.8801,145.0874,523000
Malvern East,u,hockingstuart,3145,2,1,1,0,57,1997,-37.8804,145.0501,425000
Malvern East,u,Jellis,3145,1,1,1,0,46,1940,-37.8704,145.0495,315000
Malvern East,u,Anderson,3145,1,1,1,0,42,2013,-37.8764,145.0463,300000
Malvern East,u,hockingstuart,3145,1,1,1,0,38,1965,-37.8728,145.0417,373000
Murrumbeena,h,Ray,3163,4,2,2,990,267,2003,-37.8916,145.0753,1800000
Murrumbeena,h,Buxton,3163,4,2,1,632,265,1915,-37.89465,145.06984,1820000
Murrumbeena,t,Buxton,3163,3,2,1,287,225,2017,-37.90522,145.07109,1325000
Murrumbeena,h,Buxton,3163,5,2,2,683,223,1960,-37.9055,145.0691,1300000
Murrumbeena,h,Woodards,3163,3,1,1,586,200,1945,-37.90584,145.0725,1321188
Murrumbeena,h,Mandy,3163,4,2,2,651,199,1940,-37.8879,145.0768,1656000
Murrumbeena,h,Woodards,3163,4,2,2,589,199,1920,-37.90017,145.06435,1540000
Murrumbeena,h,Jellis,3163,3,1,1,840,181,1950,-37.89074,145.07638,1590000
Murrumbeena,h,Marshall,3163,4,1,2,718,181,1920,-37.8888,145.07271,1920000
Murrumbeena,h,hockingstuart,3163,4,2,2,557,178,1955,-37.906,145.074,1400000
Murrumbeena,h,Buxton,3163,3,1,2,733,175,1950,-37.90013,145.07054,1720000
Murrumbeena,t,hockingstuart,3163,3,2,2,302,172,2000,-37.9043,145.0622,1160000
Murrumbeena,h,hockingstuart,3163,3,2,2,506,169,1950,-37.902,145.0705,1100000
Murrumbeena,h,Woodards,3163,3,2,2,834,168,1954,-37.8959,145.0736,1370000
Murrumbeena,h,Ray,3163,4,2,2,660,167,1920,-37.8932,145.0681,1610000
Murrumbeena,h,Woodards,3163,3,1,2,618,163,1960,-37.8991,145.0686,1430000
Murrumbeena,h,Woodards,3163,3,1,1,552,162,1990,-37.8899,145.0704,1450000
Murrumbeena,t,hockingstuart,3163,4,3,2,286,160,1990,-37.8958,145.0696,1100000
Murrumbeena,h,Gary,3163,3,2,2,553,138,1960,-37.9031,145.0668,1090000
Murrumbeena,t,Woodards,3163,3,2,1,137,137,1994,-37.887,145.07303,956000
Murrumbeena,h,hockingstuart,3163,3,1,2,627,132,1930,-37.89561,145.07502,1561000
Murrumbeena,h,hockingstuart,3163,3,1,2,595,130,1957,-37.9027,145.0684,1060000
Murrumbeena,h,hockingstuart,3163,2,2,1,293,125,2004,-37.9033,145.0727,861500
Murrumbeena,t,Buxton,3163,2,1,1,186,110,1980,-37.8947,145.0722,745500
Murrumbeena,u,Woodards,3163,3,2,1,277,109,1975,-37.8936,145.0709,975000
Murrumbeena,h,hockingstuart,3163,3,1,2,557,108,1950,-37.9059,145.0733,1255000
Murrumbeena,h,Woodards,3163,2,1,1,274,107,1925,-37.8968,145.075,820000
Murrumbeena,u,hockingstuart,3163,2,1,2,402,106,1970,-37.89801,145.07104,910000
Murrumbeena,u,Matthew,3163,3,1,1,181,104,1975,-37.8966,145.0737,835000
Murrumbeena,u,Buxton,3163,2,1,2,275,94,1975,-37.8936,145.0725,680000
Murrumbeena,u,Gary,3163,2,1,2,1113,93,2010,-37.8892,145.0664,582000
Murrumbeena,u,Anderson,3163,4,1,1,102,92,1960,-37.8894,145.0679,603000
Murrumbeena,u,Buxton,3163,2,1,1,161,89,1980,-37.8955,145.073,740000
Murrumbeena,u,Fletchers,3163,2,1,1,77,77,1970,-37.8999,145.0643,535000
Murrumbeena,t,Thomson,3163,1,1,1,0,76,2000,-37.89018,145.06865,470000
Murrumbeena,u,Fletchers,3163,2,2,1,0,75,2013,-37.8882,145.0666,586000
Murrumbeena,u,Fletchers,3163,2,2,2,5289,72,2013,-37.8882,145.0666,605000
Murrumbeena,u,Beller,3163,2,2,1,5289,70,2013,-37.8882,145.0666,500000
Murrumbeena,u,Weston,3163,2,1,1,80,67,1970,-37.89563,145.06992,540000
Murrumbeena,u,Thomson,3163,1,1,1,0,45,1970,-37.89022,145.07333,295000
Murrumbeena,u,Gary,3163,1,1,1,0,37,1966,-37.8944,145.0733,256500
Mount Waverley,h,LLC,3149,5,5,2,757,503,1975,-37.8875,145.14467,2420000
Mount Waverley,h,Fletchers,3149,5,5,2,695,487,2016,-37.8814,145.12711,2820000
Mount Waverley,h,McGrath,3149,5,5,2,667,431,2015,-37.88007,145.12328,2558000
Mount Waverley,h,Jellis,3149,5,5,2,729,398,2016,-37.86582,145.14824,2248000
Mount Waverley,h,Jellis,3149,6,2,2,554,368,1999,-37.87591,145.13958,1840000
Mount Waverley,h,Fletchers,3149,4,2,1,762,307,1960,-37.88457,145.13436,1775000
Mount Waverley,h,McGrath,3149,4,2,2,673,259,2015,-37.89003,145.13272,1500000
Mount Waverley,h,Jellis,3149,5,2,2,805,255,1994,-37.88192,145.13394,1760000
Mount Waverley,h,Jellis,3149,4,3,2,720,249,1960,-37.87833,145.13731,1728000
Mount Waverley,h,Harcourts,3149,4,2,1,688,238,1965,-37.87164,145.12466,1530000
Mount Waverley,h,Jellis,3149,4,2,2,702,211,2008,-37.88143,145.12731,1870000
Mount Waverley,h,Barry,3149,4,4,2,327,209,2011,-37.86032,145.11546,940000
Mount Waverley,h,@Realty,3149,4,3,4,878,208,1980,-37.86003,145.13038,1650000
Mount Waverley,h,Fletchers,3149,3,1,2,1028,181,1965,-37.89757,145.11825,2000000
Mount Waverley,h,Jellis,3149,4,2,2,692,179,1970,-37.86445,145.12538,1408000
Mount Waverley,h,Jellis,3149,5,3,2,716,171,1967,-37.8861,145.1379,1300000
Mount Waverley,h,Barry,3149,4,2,2,730,171,1950,-37.8655,145.12065,1450000
Mount Waverley,h,Ray,3149,3,1,2,807,167,1970,-37.86618,145.14757,1385000
Mount Waverley,h,Barry,3149,4,2,2,800,164,1970,-37.8882,145.1146,980000
Mount Waverley,h,Jellis,3149,4,2,2,695,160,1970,-37.86127,145.14271,1480000
Mount Waverley,h,Barry,3149,4,2,2,800,160,1970,-37.88859,145.13335,1340000
Mount Waverley,h,LLC,3149,1,1,1,919,158,2017,-37.8809,145.1436,1820000
Mount Waverley,h,Jellis,3149,3,1,1,717,153,1960,-37.87754,145.12076,1850000
Mount Waverley,h,McGrath/First,3149,3,1,2,660,150,1968,-37.88811,145.11153,1000000
Mount Waverley,h,McGrath,3149,4,3,2,708,150,1960,-37.89187,145.11049,1352000
Mount Waverley,h,Buxton,3149,3,1,2,743,148.47,1960,-37.8958,145.11969,1260000
Mount Waverley,h,Harcourts,3149,4,1,3,731,145,1970,-37.86118,145.11506,1335000
Mount Waverley,h,McGrath,3149,3,2,2,402,143,1960,-37.87389,145.12783,1205000
Mount Waverley,h,Noel,3149,3,1,1,843,140,1950,-37.88494,145.12807,1375000
Mount Waverley,h,Barry,3149,3,1,2,724,139,1960,-37.86824,145.128,1400000
Mount Waverley,h,Stockdale,3149,3,1,1,718,138,1955,-37.88061,145.12449,1586000
Mount Waverley,t,McGrath,3149,3,2,2,236,138,2006,-37.88678,145.12748,1035000
Mount Waverley,t,McGrath,3149,3,2,2,297,135,2001,-37.8605,145.12853,1011000
Mount Waverley,h,Ray,3149,3,2,2,660,133,1960,-37.86198,145.139,1406000
Mount Waverley,h,Buxton,3149,3,1,2,676,132,1965,-37.87148,145.12866,1470000
Mount Waverley,h,Jellis,3149,3,2,1,470,118,1960,-37.88751,145.13545,1028800
Mount Waverley,h,McGrath,3149,3,1,4,807,117,1196,-37.86788,145.12121,1200000
Mount Waverley,u,Win,3149,2,1,1,161,82,1970,-37.8837,145.11526,611000
Mount Waverley,t,Fletchers,3149,3,2,2,344,3,2000,-37.85991,145.14523,900000
Oakleigh,h,Ray,3166,5,3,4,667,337,2017,-37.90037,145.10281,1828000
Oakleigh,h,HAR,3166,5,2,2,546,313,1935,-37.90465,145.08894,1750000
Oakleigh,h,Ray,3166,5,3,2,695,305,2015,-37.8973,145.0979,1600000
Oakleigh,h,Barry,3166,4,3,2,578,232,1927,-37.8915,145.0888,1160000
Oakleigh,h,Woodards,3166,4,2,2,598,222,1900,-37.898,145.0928,1840000
Oakleigh,h,Ray,3166,4,3,4,691,213,1950,-37.8999,145.0993,1600000
Oakleigh,h,Buxton,3166,4,2,2,550,209,1920,-37.90191,145.09857,1455000
Oakleigh,h,Woodards,3166,4,2,2,537,199,1920,-37.91,145.096,1615000
Oakleigh,h,Buxton,3166,4,2,2,592,193,1950,-37.90821,145.09314,1610000
Oakleigh,h,Buxton,3166,4,2,2,541,190,1920,-37.90114,145.10357,1546000
Oakleigh,h,Buxton,3166,4,1,2,604,183,1965,-37.9087,145.0886,1180000
Oakleigh,h,Barry,3166,4,2,1,581,179,1950,-37.90706,145.09524,1495000
Oakleigh,h,Woodards,3166,4,2,2,1060,175,1940,-37.9073,145.0962,1150000
Oakleigh,h,Ray,3166,5,3,2,707,175,1955,-37.9098,145.097,1351000
Oakleigh,h,Buxton,3166,4,2,2,508,170,1950,-37.90817,145.09214,1580000
Oakleigh,h,Ray,3166,3,1,2,543,152,1950,-37.90452,145.10391,1320000
Oakleigh,h,Buxton,3166,3,2,2,544,146,1970,-37.9055,145.1024,1050000
Oakleigh,h,Buxton,3166,2,1,2,691,140,1950,-37.9109,145.0995,865000
Oakleigh,h,Ray,3166,3,1,2,543,139,1940,-37.9023,145.105,1025000
Oakleigh,h,Woodards,3166,2,2,2,607,138,1950,-37.8964,145.0977,750000
Oakleigh,h,Ray,3166,3,2,2,562,132,1940,-37.90537,145.09365,1315000
Oakleigh,h,Woodards,3166,3,1,1,692,120,1940,-37.90584,145.09495,760000
Oakleigh,h,Barry,3166,3,1,1,670,118,1925,-37.9033,145.1006,880000
Oakleigh,h,Buxton,3166,3,1,2,548,115,1975,-37.8951,145.101,1033000
Oakleigh,h,Buxton,3166,3,1,2,528,112,1930,-37.9066,145.088,1225000
Oakleigh,h,Ray,3166,3,1,2,602,107,1950,-37.8923,145.1013,1045000
Oakleigh,u,Ray,3166,3,1,2,160,104,1970,-37.8946,145.0944,655000
Oakleigh,u,Buxton,3166,3,1,2,340,103,1930,-37.8968,145.0983,690000
Oakleigh,u,Woodards,3166,3,2,2,279,95,1930,-37.9001,145.1009,633500
Oakleigh,u,Woodards,3166,2,1,1,0,87,2004,-37.8991,145.0939,400000
Oakleigh,h,Ray,3166,2,1,1,0,80,1960,-37.8994,145.0955,305000
Oakleigh,h,Ray,3166,2,1,0,419,76,1920,-37.89721,145.09792,875000
Oakleigh East,t,Buxton,3166,4,2,2,344,146,1997,-37.90822,145.12036,912000
Oakleigh East,h,Buxton,3166,3,2,2,295,144,2006,-37.90088,145.11692,875000
Oakleigh East,t,Biggin,3166,3,2,1,200,130,2013,-37.91017,145.11488,820000
Oakleigh East,h,Ray,3166,2,1,3,622,122,1970,-37.90168,145.11081,1150000
Oakleigh East,h,Buxton,3166,3,1,2,700,115,1960,-37.9125,145.11844,1210000
Oakleigh East,h,Jellis,3166,3,2,2,534,113,1950,-37.9011,145.112,997000
Oakleigh East,h,Ray,3166,2,1,1,703,90,1960,-37.90241,145.12378,1114000
Oakleigh East,u,Buxton,3166,3,1,1,211,90,2004,-37.89941,145.11523,740000
Notting Hill,h,One,3168,3,1,3,730,737,1970,-37.90521,145.14866,1100000
Notting Hill,h,One,3168,4,3,3,727,167,1970,-37.90779,145.15042,1211000
Notting Hill,u,Barry,3168,3,1,1,390,118,1970,-37.90354,145.14394,840000
Prahran,h,Marshall,3181,4,2,2,787,275,1930,-37.85768,145.00254,4200000
Prahran,h,RT,3181,4,2,2,291,263.5,1890,-37.84961,145.00248,2300000
Prahran,h,Jellis,3181,2,1,0,214,215,1900,-37.8577,145.0053,1180000
Prahran,h,Jellis,3181,3,2,0,279,207,1885,-37.85122,145.00514,2610000
Prahran,h,hockingstuart,3181,3,1,0,435,200,1966,-37.85793,145.00734,1650000
Prahran,h,Marshall,3181,3,2,2,183,200,1999,-37.8562,145.0042,1720000
Prahran,h,Kay,3181,3,2,1,261,194,1880,-37.8513,145.0089,3250000
Prahran,h,Marshall,3181,3,2,2,330,175,1900,-37.85047,145.00206,2500000
Prahran,h,Jellis,3181,3,2,1,272,163,1900,-37.8553,145.007,1720000
Prahran,h,Beller,3181,2,1,0,288,160,1900,-37.8512,145.0053,1303000
Prahran,h,Jellis,3181,4,2,2,401,154,1910,-37.85565,145.00839,2635000
Prahran,h,Marshall,3181,2,2,2,238,153,1890,-37.8476,144.9892,2180000
Prahran,t,Jellis,3181,3,2,2,15,147,1998,-37.84969,145.00057,1463000
Prahran,h,hockingstuart,3181,3,1,1,281,145,1915,-37.85391,145.00733,1646000
Prahran,h,Jellis,3181,3,2,0,146,139,1900,-37.8519,145.0055,1612000
Prahran,h,Jellis,3181,3,2,0,145,138,1880,-37.84957,144.9889,1400000
Prahran,u,hockingstuart,3181,3,2,2,0,136,1920,-37.847,144.9936,1400000
Prahran,h,Biggin,3181,2,1,1,0,135,2005,-37.8526,145.0033,1106000
Prahran,h,Biggin,3181,2,2,0,164,135,1915,-37.85277,145.00129,1350000
Prahran,t,Marshall,3181,2,2,1,128,134,2000,-37.8526,145.0071,1245000
Prahran,h,Marshall,3181,3,2,1,8216,130,1995,-37.85,144.9876,1050000
Prahran,h,Biggin,3181,3,2,1,273,125,1890,-37.8544,145.0038,1811000
Prahran,h,Marshall,3181,3,1,1,231,124,1910,-37.8467,144.9894,1255000
Prahran,h,Marshall,3181,2,1,0,214,122,1915,-37.8572,145.0066,1582000
Prahran,h,hockingstuart,3181,2,1,1,88,121,2000,-37.8503,144.9913,950000
Prahran,h,Jellis,3181,3,1,1,309,121,1900,-37.85213,145.00683,1960000
Prahran,h,Jellis,3181,3,3,1,239,117,1890,-37.85014,145.00672,1500000
Prahran,u,Edward,3181,2,1,1,0,114,1900,-37.8516,144.9943,710000
Prahran,h,Beller,3181,2,1,2,222,108,1930,-37.8501,144.9995,1500000
Prahran,h,Marshall,3181,2,1,2,308,107,1930,-37.8492,145.0019,1590000
Prahran,t,Jellis,3181,2,2,1,113,104,1945,-37.8481,144.9869,1540000
Prahran,u,hockingstuart,3181,2,1,1,0,102,1920,-37.85931,145.00616,1020000
Prahran,u,hockingstuart,3181,2,2,1,0,101,1850,-37.847,144.9936,841000
Prahran,h,Biggin,3181,2,1,0,192,100,1910,-37.85562,145.00571,1250000
Prahran,u,Biggin,3181,2,1,1,0,100,1940,-37.85931,145.00616,740000
Prahran,h,hockingstuart,3181,3,2,1,112,100,1900,-37.8517,145.0056,1220000
Prahran,h,hockingstuart,3181,2,1,1,111,99,2001,-37.8525,145.0071,1100000
Prahran,t,Marshall,3181,3,2,3,1958,98,1995,-37.8526,145.0106,1450000
Prahran,u,Geoff,3181,2,2,1,0,95,1995,-37.8598,145.0097,681000
Prahran,u,hockingstuart,3181,2,2,1,0,92,1996,-37.8496,144.9905,685000
Prahran,u,Biggin,3181,2,1,1,0,87,1960,-37.8581,145.0017,585000
Prahran,u,hockingstuart,3181,2,1,1,8220,87,1965,-37.8508,144.9874,685000
Prahran,h,Biggin,3181,2,1,0,203,85,1900,-37.8557,145.0053,1055000
Prahran,u,Marshall,3181,2,1,1,0,85,1900,-37.85163,144.9943,698000
Prahran,u,Gary,3181,2,1,1,2842,84,1920,-37.8513,144.9943,645000
Prahran,h,Jellis,3181,2,1,1,131,79,1900,-37.8479,144.9988,1305000
Prahran,u,hockingstuart,3181,2,1,2,0,78,2000,-37.85059,144.99188,626000
Prahran,u,hockingstuart,3181,2,1,1,0,78,1960,-37.85924,145.00563,500000
Prahran,u,hockingstuart,3181,2,1,1,0,78,2004,-37.8588,145.0024,570000
Prahran,u,Jellis,3181,2,1,1,0,76,1888,-37.851,144.988,530000
Prahran,u,Jellis,3181,2,2,1,0,76,1970,-37.85184,145.01049,660000
Prahran,u,Wilson,3181,2,1,1,0,73,1930,-37.8511,145.0029,781000
Prahran,h,Marshall,3181,2,1,0,141,72,1900,-37.852,145.0061,1182500
Prahran,u,Dingle,3181,2,1,1,0,71,2000,-37.8506,144.9919,560000
Prahran,h,Beller,3181,2,1,0,96,71,1880,-37.8501,144.9953,815000
Prahran,h,Gary,3181,2,1,1,183,71,1930,-37.8543,145.0024,910000
Prahran,u,Thomson,3181,2,1,1,72,69,1976,-37.8542,145.0024,550000
Prahran,h,hockingstuart,3181,2,1,0,115,68,1890,-37.8518,145.0032,1000000
Prahran,u,Biggin,3181,1,1,1,0,64,1945,-37.857,145.0027,500500
Prahran,u,hockingstuart,3181,2,1,1,0,59,1970,-37.8538,145.0088,630000
Prahran,h,hockingstuart,3181,1,1,0,108,54,1905,-37.8508,145.0051,860000
Prahran,u,hockingstuart,3181,1,1,1,0,51,2012,-37.8519,144.9948,549800
Prahran,u,hockingstuart,3181,1,1,1,0,51,1970,-37.8595,145.0076,330000
Prahran,u,Sotheby's,3181,2,1,1,443,50,1970,-37.8493,145.0006,482500
Prahran,u,hockingstuart,3181,1,1,2,0,50,1960,-37.85126,145.00832,400000
Prahran,h,Biggin,3181,2,1,0,117,48,1900,-37.84998,144.99499,780000
Prahran,u,hockingstuart,3181,1,1,1,1768,45,1888,-37.851,144.988,492000
Prahran,u,Castran,3181,1,1,1,0,44,2015,-37.85012,144.99225,440000
Prahran,u,hockingstuart,3181,1,1,1,0,34,1960,-37.8486,144.9872,342000
South Yarra,h,Castran,3141,4,2,0,292,272,1880,-37.8377,144.9894,5700000
South Yarra,h,RT,3141,4,2,2,564,254,1920,-37.84405,145.0016,2920000
South Yarra,h,Jellis,3141,3,2,0,358,238,1915,-37.8425,145.0031,2200000
South Yarra,h,Kay,3141,3,2,2,223,235,1999,-37.84188,144.99979,2180000
South Yarra,h,Greg,3141,4,2,1,176,216,1880,-37.83986,144.98598,1855500
South Yarra,h,Kay,3141,4,2,2,237,212,1900,-37.84163,144.99792,2910000
South Yarra,t,Kay,3141,3,2,1,163,207,2016,-37.8425,144.9877,2010000
South Yarra,h,Marshall,3141,3,2,1,215,200,1910,-37.8361,144.9831,2695000
South Yarra,h,Marshall,3141,3,3,2,191,175,1890,-37.836,144.9824,3000000
South Yarra,h,Jellis,3141,3,2,0,217,175,1930,-37.84305,144.98701,2160000
South Yarra,h,Marshall,3141,3,2,2,0,172,2005,-37.8433,145.0001,1400000
South Yarra,h,Morrison,3141,3,1,1,178,172,1894,-37.8404,145.0022,1700000
South Yarra,h,Jellis,3141,3,2,2,153,162,1996,-37.83998,144.98877,1750000
South Yarra,h,Jellis,3141,3,2,1,277,161,1895,-37.8457,144.98871,1720000
South Yarra,h,Jellis,3141,3,2,0,343,153,1900,-37.84277,144.98774,2400000
South Yarra,t,hockingstuart,3141,2,2,1,181,148,1990,-37.8334,144.9867,1460000
South Yarra,h,Jellis,3141,3,2,1,194,148,1890,-37.8395,144.9898,1945000
South Yarra,h,Biggin,3141,2,2,1,181,148,1990,-37.8334,144.9867,1700000
South Yarra,h,Jellis,3141,2,2,0,208,145,1880,-37.8433,145.0024,1710000
South Yarra,t,Jellis,3141,3,2,2,141,140,1995,-37.8467,144.9983,1560000
South Yarra,h,Marshall,3141,3,2,1,149,140,2003,-37.8448,144.9882,1540000
South Yarra,h,Thomson,3141,4,1,1,436,139,1905,-37.84197,144.99698,3030000
South Yarra,u,Kay,3141,3,2,2,0,138,1998,-37.8453,144.9849,1230000
South Yarra,h,Kay,3141,3,2,2,221,135,1890,-37.8416,144.9959,2285000
South Yarra,h,Castran,3141,2,2,1,187,133,1890,-37.83554,144.97956,2210000
South Yarra,u,Marshall,3141,2,2,2,0,133,1995,-37.84018,145.00265,1340000
South Yarra,h,Kay,3141,3,1,1,136,132,1993,-37.84497,144.99781,1400000
South Yarra,h,hockingstuart,3141,2,1,2,127,128,2000,-37.84406,144.98686,1350000
South Yarra,h,Williams,3141,4,2,2,141,127,1880,-37.8366,144.9827,2600000
South Yarra,t,Kay,3141,3,2,1,80,118,2003,-37.8416,144.9923,1250000
South Yarra,u,Kay,3141,2,2,1,0,109,1930,-37.82863,144.98514,1350000
South Yarra,u,Williams,3141,2,2,2,0,107,1986,-37.8376,144.9847,1300000
South Yarra,u,Williams,3141,2,2,1,0,107,1980,-37.8376,144.9847,1300000
South Yarra,u,Jellis,3141,2,1,1,0,106,1970,-37.8383,144.9995,792500
South Yarra,h,RT,3141,3,1,1,205,104,1910,-37.8425,144.9921,1640000
South Yarra,u,hockingstuart,3141,2,1,1,0,103,2000,-37.8394,144.9886,775000
South Yarra,h,Jellis,3141,2,1,0,225,94,1890,-37.8421,144.9876,1455000
South Yarra,u,Beller,3141,2,2,1,0,92,2002,-37.8361,144.9966,840000
South Yarra,h,Thomson,3141,2,1,0,146,89,1910,-37.8454,144.9888,1125000
South Yarra,h,Jellis,3141,3,1,0,154,88,1920,-37.8395,144.9868,906000
South Yarra,u,Jellis,3141,2,1,1,0,86,2003,-37.8393,144.9886,722000
South Yarra,u,Kay,3141,2,2,2,0,86,2014,-37.8411,144.9944,850000
South Yarra,h,LITTLE,3141,2,1,1,163,86,1900,-37.8446,144.9879,1200000
South Yarra,u,hockingstuart,3141,2,1,1,0,85,1970,-37.8407,145.004,627500
South Yarra,h,Jellis,3141,2,1,0,176,84,1940,-37.8436,144.9925,1200000
South Yarra,h,hockingstuart,3141,2,1,0,161,82,1900,-37.8454,144.9891,1214000
South Yarra,h,Fletchers,3141,2,1,0,176,81,1930,-37.8436,144.9925,1100000
South Yarra,u,Kay,3141,2,1,0,0,79,1930,-37.8361,144.9842,695000
South Yarra,u,hockingstuart,3141,2,1,1,17200,79,2003,-37.83613,144.99661,762500
South Yarra,u,Jellis,3141,2,1,1,0,79,1970,-37.8342,144.9842,826000
South Yarra,u,Jellis,3141,2,1,1,0,77,1940,-37.8314,144.9877,659000
South Yarra,h,hockingstuart,3141,2,1,1,132,77,1900,-37.8446,144.9896,1130000
South Yarra,u,hockingstuart,3141,2,1,1,0,75,1970,-37.8426,144.993,623500
South Yarra,u,Williams,3141,2,1,1,0,75,1960,-37.8343,144.9899,780000
South Yarra,u,hockingstuart,3141,2,1,1,0,73,1960,-37.8368,144.9857,572000
South Yarra,u,Abercromby's,3141,2,2,1,0,73,2014,-37.84712,144.99967,800000
South Yarra,u,Biggin,3141,2,1,0,5467,73,1970,-37.8406,145.0035,485000
South Yarra,u,hockingstuart,3141,2,1,1,0,73,2005,-37.83613,144.99661,666000
South Yarra,u,Abercromby's,3141,2,1,1,0,73,1980,-37.835,145.0002,500000
South Yarra,u,Jellis,3141,2,1,2,0,72,1970,-37.8336,144.9882,600000
South Yarra,u,LITTLE,3141,2,1,1,0,72,1969,-37.8453,145.0012,505000
South Yarra,u,Williams,3141,2,1,1,0,70,1970,-37.837,144.9907,680500
South Yarra,u,Harrington,3141,2,1,1,734,65,2013,-37.8433,144.9962,515000
South Yarra,u,hockingstuart,3141,2,1,1,0,64,1970,-37.8374,144.9918,535000
South Yarra,u,Biggin,3141,2,1,1,2122,64,1960,-37.8383,145.0014,693000
South Yarra,u,Ray,3141,2,1,1,0,64,1965,-37.84679,145.00206,570000
South Yarra,u,Gary,3141,0,1,1,0,63,1970,-37.84468,145.00368,535000
South Yarra,u,Gary,3141,2,2,0,0,63,2014,-37.83863,144.99379,460000
South Yarra,u,Noel,3141,2,1,1,876,62,1972,-37.83766,144.98799,600000
South Yarra,u,hockingstuart,3141,2,1,1,0,62,1890,-37.8323,144.9876,520000
South Yarra,u,Ray,3141,2,1,1,0,61,1965,-37.8337,144.9886,480000
South Yarra,u,Biggin,3141,1,1,1,0,56,2007,-37.837,144.9931,425000
South Yarra,u,hockingstuart,3141,1,1,1,0,56,1970,-37.8368,144.9848,567500
South Yarra,u,hockingstuart,3141,1,1,1,480,53,1930,-37.8356,144.9767,540000
South Yarra,u,Jellis,3141,1,1,1,0,50,1960,-37.8446,145.00018,410000
South Yarra,u,hockingstuart,3141,1,1,0,0,48,1960,-37.8427,145.0006,410000
South Yarra,u,Jellis,3141,1,1,1,0,47,1970,-37.8437,144.9904,330000
South Yarra,u,Jellis,3141,1,1,0,0,47,1970,-37.8437,144.9904,320000
South Yarra,u,hockingstuart,3141,1,1,0,775,46,1960,-37.8354,144.984,390500
South Yarra,u,Castran,3141,1,1,1,0,45,1970,-37.8414,144.991,409000
South Yarra,u,hockingstuart,3141,1,1,1,0,45,1960,-37.8355,144.9884,400000
South Yarra,u,hockingstuart,3141,1,1,1,0,44,1960,-37.8404,145.0045,360500
South Yarra,u,hockingstuart,3141,1,1,1,0,44,1970,-37.8375,145.0012,515000
South Yarra,u,hockingstuart,3141,1,1,1,0,43,1960,-37.83547,144.98844,420000
South Yarra,u,Jellis,3141,1,1,1,0,43,1950,-37.83678,145.00137,400000
South Yarra,u,hockingstuart,3141,1,1,0,0,42,1950,-37.8406,145.0035,367000
South Yarra,u,hockingstuart,3141,1,1,1,0,41,1980,-37.8415,144.991,380000
South Yarra,u,Buxton,3141,1,1,1,0,40,1950,-37.8444,145.0037,310000
South Yarra,u,Williams,3141,2,2,2,0,38,2015,-37.8379,144.9913,990000
South Yarra,u,hockingstuart,3141,1,1,1,0,37,1970,-37.8319,144.9876,310000
South Yarra,u,Marshall,3141,1,1,0,0,35,1910,-37.8423,144.997,280000
South Yarra,h,hockingstuart,3141,3,1,1,211,18,1906,-37.8442,144.9928,1810000
Southbank,u,Kay,3006,4,3,1,0,176,2000,-37.8267,144.9687,1250000
Southbank,u,Ray,3006,4,3,1,0,172,1995,-37.8267,144.9687,990000
Southbank,u,Greg,3006,3,2,1,0,114,1995,-37.8267,144.9687,868000
Southbank,u,Marshall,3006,2,2,1,0,110,2000,-37.8273,144.9556,650000
Southbank,u,VICPROP,3006,3,1,1,0,106,1993,-37.8235,144.9655,720000
Southbank,u,Greg,3006,3,2,1,0,105,1994,-37.828,144.9683,740000
Southbank,u,Ray,3006,2,2,1,0,100,2000,-37.8227,144.9664,592500
Southbank,u,Greg,3006,2,2,1,0,99,1995,-37.828,144.9683,600000
Southbank,u,Dingle,3006,2,2,1,0,93,1994,-37.822,144.9637,540000
Southbank,u,Greg,3006,2,1,1,0,84,2003,-37.8246,144.9632,530000
Southbank,u,hockingstuart,3006,2,1,1,3634,80,1993,-37.8281,144.96627,600000
Southbank,u,MICM,3006,2,1,1,0,79,1995,-37.8273,144.9685,580000
Southbank,u,Greg,3006,2,1,1,8888,77,1994,-37.82481,144.96669,642500
Southbank,u,RT,3006,2,1,1,0,77,2000,-37.8288,144.9679,660000
Southbank,u,RT,3006,2,1,1,0,75,1998,-37.8288,144.9679,595000
Southbank,u,Marshall,3006,2,2,2,0,73,2014,-37.8229,144.9612,800000
Southbank,u,Greg,3006,1,1,0,760,70,2007,-37.8228,144.9661,455000
Southbank,u,William,3006,2,1,1,0,70,1994,-37.8248,144.9667,580000
Southbank,u,hockingstuart,3006,2,2,1,2955,67,2013,-37.8299,144.9679,622500
Southbank,u,Greg,3006,1,1,1,0,57,2004,-37.8245,144.9622,425000
Southbank,u,MICM,3006,1,1,1,63,51,2010,-37.83014,144.96967,422000
Southbank,u,Dingle,3006,1,1,1,546,51,2000,-37.8274,144.9587,370000
Toorak,h,Marshall,3142,4,3,2,691,374,2000,-37.8431,145.021,5500000
Toorak,h,RT,3142,4,3,2,732,367,1980,-37.8349,145.01,4500000
Toorak,h,Kay,3142,3,3,2,564,342,2000,-37.8486,145.0244,6250000
Toorak,h,Marshall,3142,4,4,5,877,332,1923,-37.8447,145.0134,5500000
Toorak,h,Rodney,3142,4,2,2,684,331,1963,-37.8485,145.0169,4000000
Toorak,h,Melbourne,3142,4,4,2,565,331,2005,-37.8448,145.0123,4200000
Toorak,t,Jellis,3142,3,3,2,0,291,2000,-37.8428,145.0171,2650000
Toorak,h,Jellis,3142,4,2,2,516,286,1925,-37.8398,145.0305,2620000
Toorak,h,Marshall,3142,3,2,4,1317,228,2000,-37.838,145.0054,2840000
Toorak,t,Kay,3142,3,2,2,294,220,2010,-37.8503,145.0292,2700000
Toorak,h,Marshall,3142,3,2,1,363,215,1935,-37.8445,145.0182,3270000
Toorak,t,Kay,3142,3,2,2,117,214,2000,-37.8343,145.0112,1550000
Toorak,h,Kay,3142,3,2,2,600,205,1967,-37.8332,145.0117,2820000
Toorak,h,Castran,3142,3,3,2,575,205,1930,-37.8375,145.0092,2250000
Toorak,u,Jellis,3142,4,2,2,0,185,2014,-37.8512,145.0282,2205000
Toorak,h,RT,3142,3,2,1,230,181,1930,-37.84387,145.00687,2300000
Toorak,u,Scott,3142,3,2,2,0,176,1930,-37.8404,145.01425,1860000
Toorak,h,Castran,3142,3,2,1,268,139,1900,-37.8369,145.0072,1900000
Toorak,t,Marshall,3142,3,2,2,0,136,1980,-37.842,145.0046,910000
Toorak,h,RT,3142,3,1,0,889,135,1943,-37.8328,145.0065,1435000
Toorak,u,Castran,3142,3,2,1,187,133,1940,-37.84297,145.01819,1350000
Toorak,t,Gary,3142,3,2,1,3,131,1970,-37.8474,145.0125,1320000
Toorak,u,Rodney,3142,3,2,1,0,126,1935,-37.8429,145.0227,1100000
Toorak,u,Marshall,3142,2,2,2,586,119,1990,-37.8427,145.0236,1010000
Toorak,u,Marshall,3142,2,2,2,586,119,1990,-37.84266,145.02355,1140000
Toorak,h,Kay,3142,3,1,0,222,118,1920,-37.8448,145.0055,1689000
Toorak,u,RT,3142,2,2,2,0,109,1970,-37.8371,145.0066,925000
Toorak,u,hockingstuart,3142,3,1,1,57,107,1960,-37.8371,145.012,950000
Toorak,u,Rodney,3142,2,1,1,1816,105,1960,-37.8389,145.0141,655000
Toorak,u,Jellis,3142,2,2,2,0,94,1980,-37.842,145.0046,810000
Toorak,u,hockingstuart,3142,3,1,1,1678,94,1940,-37.8384,145.0178,840000
Toorak,u,Jellis,3142,2,1,1,0,84,1935,-37.83241,145.00705,735000
Toorak,u,Prowse,3142,2,1,1,0,83,1960,-37.8416,145.0313,690000
Toorak,u,Jellis,3142,2,1,1,0,82,1950,-37.8424,145.0184,525000
Toorak,u,Morleys,3142,2,1,2,0,68,1970,-37.8424,145.0184,511000
Toorak,u,Williams,3142,1,1,1,0,64,1965,-37.83732,145.01164,550000
Toorak,u,Rodney,3142,2,1,1,0,62,1970,-37.8474,145.0078,450000
Toorak,u,hockingstuart,3142,2,1,1,713,60,1975,-37.84301,145.02641,682000
Toorak,u,Jellis,3142,1,1,1,0,57,1970,-37.8373,145.0116,541000
Toorak,u,Williams,3142,1,1,1,0,38,1958,-37.8369,145.0077,349000
Toorak,u,Jellis,3142,1,1,1,0,35,1967,-37.8464,145.0074,366000
Windsor,h,Kay,3181,3,2,2,754,177.8,1905,-37.85679,145.00089,2080000
Windsor,h,Jellis,3181,3,1,1,188,150,1907,-37.85277,144.98485,1425000
Windsor,h,Biggin,3181,3,2,1,138,147,2000,-37.8556,144.995,1540000
Windsor,h,Marshall,3181,3,1,4,440,144,1895,-37.8528,144.9994,2302000
Windsor,h,Gary,3181,4,2,2,1806,144,1990,-37.85688,144.99854,1350000
Windsor,h,Marshall,3181,2,2,2,521,122,2000,-37.8543,144.9939,1177000
Windsor,h,Paul,3181,3,1,2,317,112,1900,-37.856,144.9891,1370000
Windsor,u,hockingstuart,3181,3,2,2,0,112,2000,-37.8526,144.9977,830000
Windsor,u,Jellis,3181,2,2,1,0,111,2007,-37.8563,144.9916,1200000
Windsor,h,Jellis,3181,2,1,1,157,101,1900,-37.8522,144.986,1350000
Windsor,h,Jellis,3181,2,1,2,0,96,1928,-37.8518,144.9868,1500000
Windsor,u,hockingstuart,3181,2,1,1,1452,96,1970,-37.8554,145.0018,600000
Windsor,u,Fletchers,3181,2,1,1,0,92,1930,-37.8577,145.0002,800000
Windsor,u,Woodards,3181,2,1,1,774,90,1945,-37.8582,144.9979,854000
Windsor,h,Marshall,3181,3,3,1,143,89,1890,-37.8525,144.9881,1910000
Windsor,u,Biggin,3181,2,1,1,0,83,1970,-37.8559,144.999,600000
Windsor,u,hockingstuart,3181,2,1,1,0,79,1965,-37.8559,144.999,585000
Windsor,u,Jellis,3181,2,2,1,0,78,2012,-37.8558,144.9903,580000
Windsor,u,Hodges,3181,2,1,1,598,75,1940,-37.8564,144.9971,611000
Windsor,u,hockingstuart,3181,2,1,1,0,71,1970,-37.8555,145.0018,380000
Windsor,u,Beller,3181,2,1,1,0,66,1985,-37.8552,145.0005,474000
Windsor,u,hockingstuart,3181,2,1,1,0,61.6,2012,-37.85581,144.99025,560000
Windsor,h,hockingstuart,3181,2,1,1,136,58,1892,-37.85542,144.99571,957500
Windsor,u,Buxton,3181,1,1,1,0,51,1960,-37.85687,144.99748,410000
Windsor,u,Noel,3181,1,1,1,0,51,2005,-37.8571,144.9979,501000
Windsor,u,Kay,3181,1,1,0,0,48,1975,-37.8508,144.984,350000
Windsor,u,Marshall,3181,1,1,1,0,46,1974,-37.8568,145.0004,452000
Windsor,u,Gary,3181,1,1,1,0,44,1970,-37.8564,145.0016,275000